date,liberal,liberal_strength,liberal_file,liberal_title,conservative,conservative_strength,conservative_file,conservative_title
2011-01-01,0,0,,,0,0,,
2011-01-02,0,0,,,0,0,,
2011-01-03,0,0,,,0,0,,
2011-01-04,0,0,,,0,0,,
2011-01-05,0,1.1872523679736673,,,0,0,,
2011-01-06,0,0,,,0,0,,
2011-01-07,0,0,,,0,0,,
2011-01-08,0,1.1462851578804938,,,0,0,,
2011-01-09,0,0,,,0,0,,
2011-01-10,0,0,,,0,0,,
2011-01-11,0,0,,,0,0,,
2011-01-12,0,0,,,0,0,,
2011-01-13,1,1.2512314838752214,547ed3b1af21a29f747d76cb,The Real Lesson of the Tucson Tragedy,0,0,,
2011-01-14,0,0,,,0,0,,
2011-01-15,0,0,,,0,0,,
2011-01-16,0,0,,,0,0,,
2011-01-17,0,0,,,0,0,,
2011-01-18,10,0.5852102246108077,547ed3a8af21a29f747d76be,Lieberman:  Time for Another Season and Another Purpose ,0,0,,
2011-01-19,0,0,,,0,0,,
2011-01-20,0,0,,,0,0,,
2011-01-21,0,0,,,0,0,,
2011-01-22,0,0,,,0,0,,
2011-01-23,0,0,,,0,0,,
2011-01-24,0,0,,,0,0,,
2011-01-25,0,0,,,0,0,,
2011-01-26,0,0,,,0,0,,
2011-01-27,0,0,,,0,0,,
2011-01-28,0,1.0141008015154815,,,2,0.22722994425270593,547ed3d2af21a29f747d7701,View from Davos 2011: How Would Clinton Create Jobs?
2011-01-29,0,0,,,0,0,,
2011-01-30,0,0,,,0,0,,
2011-01-31,0,0,,,0,0,,
2011-02-01,0,0,,,0,0,,
2011-02-02,0,0,,,0,0,,
2011-02-03,0,0,,,0,0,,
2011-02-04,0,0,,,0,0,,
2011-02-05,0,0,,,0,0,,
2011-02-06,6,1.4533669661562887,547ed3baaf21a29f747d76da,"Reagan Revelation: At 100, Why He Still Matters
",0,0,,
2011-02-07,0,0,,,0,0,,
2011-02-08,0,0,,,0,0,,
2011-02-09,0,0,,,0,0,,
2011-02-10,0,0,,,0,0,,
2011-02-11,0,0,,,0,0,,
2011-02-12,0,0,,,0,0,,
2011-02-13,0,0,,,0,0,,
2011-02-14,0,0,,,0,0.008667240771123796,,
2011-02-15,0,0,,,0,0,,
2011-02-16,0,0,,,0,0,,
2011-02-17,0,1.1674834964180854,,,0,0,,
2011-02-18,0,0,,,0,0,,
2011-02-19,0,0,,,0,0,,
2011-02-20,0,0,,,0,0,,
2011-02-21,0,0,,,0,0,,
2011-02-22,0,0,,,0,0,,
2011-02-23,0,1.5716783946408448,,,0,0,,
2011-02-24,0,0,,,0,0,,
2011-02-25,0,0,,,0,0,,
2011-02-26,0,0,,,0,0,,
2011-02-27,0,0,,,0,0,,
2011-02-28,0,0,,,0,0,,
2011-03-01,0,0,,,0,0,,
2011-03-02,0,0,,,0,0,,
2011-03-03,0,0,,,0,0,,
2011-03-04,0,0,,,0,0,,
2011-03-05,0,0,,,0,0,,
2011-03-06,0,0,,,0,0,,
2011-03-07,0,1.3144632780392778,,,0,0,,
2011-03-08,0,0,,,0,0,,
2011-03-09,0,0,,,0,0,,
2011-03-10,0,0,,,0,0,,
2011-03-11,0,0,,,0,0,,
2011-03-12,0,0,,,0,0,,
2011-03-13,0,0,,,0,0,,
2011-03-14,0,0,,,0,0,,
2011-03-15,0,0,,,0,0,,
2011-03-16,0,0,,,1,0.16808046814177724,547ed358af21a29f747d766a,Obama Addresses the DNC
2011-03-17,0,0,,,0,0,,
2011-03-18,0,0,,,0,0,,
2011-03-19,0,0,,,0,0,,
2011-03-20,0,0,,,0,0,,
2011-03-21,4,1.6634171152971764,547ed396af21a29f747d76a6,Obama Touts  Partnership and Equality ,0,0,,
2011-03-22,1,1.3089253049838032,547ed3e0af21a29f747d7717,Why Can't This Afghan Activist Get a U.S. Visa?,0,0,,
2011-03-23,0,0,,,0,0,,
2011-03-24,0,0,,,0,0,,
2011-03-25,0,0,,,0,0,,
2011-03-26,3,1.1853779478963054,547ed3e1af21a29f747d7718,"The Triangle Shirtwaist Factory Fire: A Lasting Legacy, 100 Years Later",0,0,,
2011-03-27,0,0,,,0,0,,
2011-03-28,0,0,,,0,0,,
2011-03-29,0,0,,,0,0,,
2011-03-30,0,0,,,0,0,,
2011-03-31,0,0,,,0,0,,
2011-04-01,0,0,,,5,0.09566982990400441,547ed3d1af21a29f747d76fe,"Yes, But"
2011-04-02,0,0,,,0,0,,
2011-04-03,0,0,,,0,0,,
2011-04-04,0,0,,,6,0.3871635247234402,547ed343af21a29f747d7650,Monday Briefing
2011-04-05,0,0,,,0,0,,
2011-04-06,28,0.04287592898111192,547ed2efaf21a29f747d75f2,"Hi, Barack Obama Wants to Be Friends on Facebook",0,0,,
2011-04-07,0,0,,,0,0,,
2011-04-08,0,0,,,0,0,,
2011-04-09,0,0,,,0,0,,
2011-04-10,0,0,,,0,0,,
2011-04-11,15,1.041516505093192,547ed2e8af21a29f747d75ea,Texas Two-Step,0,0,,
2011-04-12,0,0,,,0,0,,
2011-04-13,0,0,,,0,0,,
2011-04-14,0,0,,,0,0,,
2011-04-15,0,0,,,0,0,,
2011-04-16,0,0,,,0,0,,
2011-04-17,0,0,,,0,0,,
2011-04-18,0,0,,,24,0.15460516610693864,547ed38daf21a29f747d769e,Obama Riffs
2011-04-19,0,0,,,137,1.081487695855052,547ed38faf21a29f747d769f,Could Ricardo Sanchez Lead a Democratic Revival in Texas?
2011-04-20,0,0,,,0,0,,
2011-04-21,0,0,,,0,0,,
2011-04-22,0,0,,,0,0,,
2011-04-23,0,0,,,0,0,,
2011-04-24,0,0,,,0,0,,
2011-04-25,0,0,,,0,0,,
2011-04-26,0,0,,,0,0,,
2011-04-27,0,0,,,0,0,,
2011-04-28,0,0,,,0,0.6122777890320938,,
2011-04-29,0,0,,,0,0,,
2011-04-30,0,0,,,0,0,,
2011-05-01,0,0,,,0,0,,
2011-05-02,0,0,,,0,0,,
2011-05-03,0,0,,,0,0,,
2011-05-04,0,0,,,0,0,,
2011-05-05,0,0,,,0,0,,
2011-05-06,0,0,,,6,0.22243218412422378,547ed38baf21a29f747d769d,Bam and Mitch Are Friends
2011-05-07,0,0,,,0,0,,
2011-05-08,0,0,,,0,0,,
2011-05-09,0,0,,,21,0.801097084852656,547ed3b1af21a29f747d76c9,Why John Boehner Needs to Reassure Wall Street
2011-05-10,0,0,,,249,0.5987531501208548,547ed2f3af21a29f747d75f6,Why Obama s Texas Trip Matters
2011-05-11,0,0,,,0,0,,
2011-05-12,6,0.9470740502801434,547ed38aaf21a29f747d769b,The Education Crisis No One Is Talking About,0,0,,
2011-05-13,0,0,,,0,0,,
2011-05-14,0,0,,,0,0,,
2011-05-15,0,0,,,0,0,,
2011-05-16,38,0.2726685227000343,547ed3dfaf21a29f747d7715,Da Mayor,0,0,,
2011-05-17,0,0,,,0,0,,
2011-05-18,0,0,,,0,0,,
2011-05-19,0,0,,,0,0,,
2011-05-20,0,0,,,0,0,,
2011-05-21,0,0,,,0,0,,
2011-05-22,0,0,,,52,0.709038958541333,547ed38baf21a29f747d769c,"With Mitch Daniels Out, Mitt Romney Rises"
2011-05-23,0,0,,,0,0,,
2011-05-24,0,0,,,0,0,,
2011-05-25,0,0,,,0,0,,
2011-05-26,0,0,,,0,0,,
2011-05-27,0,0,,,0,0,,
2011-05-28,0,0,,,0,0,,
2011-05-29,0,0,,,0,0,,
2011-05-30,0,0,,,0,0,,
2011-05-31,0,0.5345364952918699,,,0,0,,
2011-06-01,0,0,,,0,0,,
2011-06-02,0,0,,,0,0,,
2011-06-03,14,2.19827833452492,547ed3dfaf21a29f747d7714,Let Them In: How Brazilians Could Help the U.S. Economy,0,0,,
2011-06-04,0,0.8651044120718607,,,0,0,,
2011-06-05,0,0,,,0,0,,
2011-06-06,0,0,,,0,0,,
2011-06-07,0,0,,,0,0,,
2011-06-08,0,0,,,0,0,,
2011-06-09,0,0,,,0,0,,
2011-06-10,0,0,,,0,0,,
2011-06-11,0,0,,,0,0,,
2011-06-12,0,0,,,0,0,,
2011-06-13,28,0.29201815498528505,547ed330af21a29f747d763d,The Obama Stump,0,0,,
2011-06-14,0,0,,,1730,0.5461270890210613,547ed3afaf21a29f747d76c8,What You Missed While Not Watching the New Hampshire GOP Debate
2011-06-15,0,0,,,0,0,,
2011-06-16,0,0,,,0,0,,
2011-06-17,0,0,,,0,0,,
2011-06-18,0,0,,,0,0,,
2011-06-19,0,0,,,0,0,,
2011-06-20,0,0,,,0,0,,
2011-06-21,0,0,,,958,0.07226755591346734,547ed357af21a29f747d7669,Earth to the Left: Obama Is Into You
2011-06-22,0,0,,,0,0,,
2011-06-23,0,0,,,0,0,,
2011-06-24,0,0,,,0,0,,
2011-06-25,0,0,,,0,0,,
2011-06-26,0,0,,,0,0,,
2011-06-27,0,0,,,0,0,,
2011-06-28,0,0,,,0,0,,
2011-06-29,0,0,,,0,0,,
2011-06-30,0,0,,,0,0,,
2011-07-01,0,0,,,0,0,,
2011-07-02,0,0,,,0,0,,
2011-07-03,0,0,,,0,0,,
2011-07-04,0,0,,,0,0,,
2011-07-05,0,0,,,0,0,,
2011-07-06,0,0,,,0,0,,
2011-07-07,0,1.2685875691591615,,,48,0.43210041995005954,547ed2fbaf21a29f747d75ff,The Big Questions: What s Next for Immigration Reform?
2011-07-08,0,0,,,0,0,,
2011-07-09,0,0,,,0,0,,
2011-07-10,0,0,,,0,0,,
2011-07-11,0,0.6792312454021836,,,0,0,,
2011-07-12,0,0,,,0,0,,
2011-07-13,0,0,,,0,0,,
2011-07-14,0,0,,,0,0,,
2011-07-15,0,0,,,0,0,,
2011-07-16,0,0,,,0,0,,
2011-07-17,0,0,,,0,0,,
2011-07-18,0,0,,,0,0,,
2011-07-19,0,0,,,0,0,,
2011-07-20,0,1.4960950597061644,,,0,0,,
2011-07-21,0,0,,,0,0,,
2011-07-22,0,0,,,0,0,,
2011-07-23,0,0,,,0,0,,
2011-07-24,0,0,,,0,0,,
2011-07-25,0,0,,,0,0,,
2011-07-26,0,0,,,0,0,,
2011-07-27,0,0,,,0,0,,
2011-07-28,0,0,,,0,0,,
2011-07-29,0,0,,,0,0,,
2011-07-30,0,0,,,0,0,,
2011-07-31,0,0,,,0,0,,
2011-08-01,0,0,,,0,0,,
2011-08-02,0,0,,,0,0,,
2011-08-03,0,0,,,0,0,,
2011-08-04,0,0,,,0,0,,
2011-08-05,0,0,,,0,0,,
2011-08-06,0,0,,,0,0,,
2011-08-07,0,0,,,0,0,,
2011-08-08,0,0,,,0,0,,
2011-08-09,0,0,,,0,0,,
2011-08-10,0,0,,,0,0,,
2011-08-11,0,0,,,0,0,,
2011-08-12,0,0,,,1464,1.1258435692187123,547ed398af21a29f747d76a8,What You Missed While Not Watching the Iowa GOP Debate
2011-08-13,0,0,,,0,0,,
2011-08-14,0,0,,,0,0,,
2011-08-15,19,1.3759582845059741,547ed3b1af21a29f747d76ca,The Debt Deal's Failure,0,0,,
2011-08-16,0,0,,,0,0,,
2011-08-17,0,0,,,0,0,,
2011-08-18,0,0,,,0,0,,
2011-08-19,0,0,,,0,0,,
2011-08-20,0,0,,,0,0,,
2011-08-21,0,0,,,0,0,,
2011-08-22,12,0.35494212221849386,547ed3d7af21a29f747d7708,The End Of Europe,0,0,,
2011-08-23,0,0,,,0,0,,
2011-08-24,0,0,,,250,0.6318225110431137,547ed312af21a29f747d761a,Rick Perry s Complicated Relationship with Latinos
2011-08-25,0,0,,,0,0,,
2011-08-26,0,0,,,0,0,,
2011-08-27,0,0,,,0,0,,
2011-08-28,0,0,,,0,0,,
2011-08-29,0,0,,,0,0,,
2011-08-30,0,0,,,0,0,,
2011-08-31,4,2.025916005398493,547ed34faf21a29f747d765d,California Dreaming: Will the State Give Scholarships to Its Undocumented Youths?,0,0,,
2011-09-01,0,0,,,0,0,,
2011-09-02,0,0,,,0,0,,
2011-09-03,0,0,,,0,0,,
2011-09-04,0,0,,,0,0,,
2011-09-05,0,0,,,0,0,,
2011-09-06,0,0,,,9,0.5665287307647355,547ed3aeaf21a29f747d76c7,Tuesday Briefing
2011-09-07,0,0,,,448,0.8001893176554602,547ed389af21a29f747d769a,Grading the POLITICO/NBC Debate
2011-09-08,0,0,,,759,0.7325625563726766,547ed326af21a29f747d7631,What You Missed While Not Watching Last Night s Reagan Library Debate
2011-09-09,0,0,,,0,0,,
2011-09-10,0,0,,,0,0,,
2011-09-11,0,0,,,0,0,,
2011-09-12,0,0,,,0,0,,
2011-09-13,0,0,,,653,0.7630174894049514,547ed3a3af21a29f747d76b8,What You Missed While Not Watching Last Night s Tea Party Debate
2011-09-14,0,0,,,0,0,,
2011-09-15,0,0,,,0,0,,
2011-09-16,0,0,,,0,0,,
2011-09-17,0,0,,,0,0,,
2011-09-18,0,0,,,0,0,,
2011-09-19,0,0,,,0,0,,
2011-09-20,0,0,,,0,0,,
2011-09-21,0,0,,,0,0,,
2011-09-22,0,0,,,120,0.3630105687160211,547ed3a1af21a29f747d76b3,Grading the Florida Face-Off
2011-09-23,0,0,,,468,1.1195880833088552,547ed3adaf21a29f747d76c6,What You Missed While Not Watching the Fox News/Google Debate
2011-09-24,0,0,,,0,0,,
2011-09-25,0,0,,,0,0,,
2011-09-26,0,0.28126910218482193,,,0,0,,
2011-09-27,0,0,,,0,0,,
2011-09-28,0,0,,,159,1.874297757189976,547ed3ceaf21a29f747d76f8,"Chris Christie Delivers an Electrifying Speech, but He s No Conservative Savior"
2011-09-29,0,0,,,0,0,,
2011-09-30,0,0,,,0,0,,
2011-10-01,0,0,,,0,0,,
2011-10-02,0,0,,,0,0,,
2011-10-03,4,0.3176677218097398,547ed3ccaf21a29f747d76f6,Where the Tea Party Runs Strong,0,0,,
2011-10-04,0,0,,,0,0,,
2011-10-05,0,0,,,0,0,,
2011-10-06,0,0,,,0,0,,
2011-10-07,0,0,,,0,0,,
2011-10-08,0,0,,,0,0,,
2011-10-09,0,0,,,0,0,,
2011-10-10,18,0.1314830690816151,547ed3b9af21a29f747d76d8,No. 3 Why America Must Revive Its Middle Class,0,0,,
2011-10-11,0,0,,,0,0,,
2011-10-12,2,0.147290309326766,547ed304af21a29f747d760a,Transcript of Wed. Briefing,0,0,,
2011-10-13,0,0,,,0,0,,
2011-10-14,0,0,,,0,0,,
2011-10-15,0,0,,,0,0,,
2011-10-16,0,0,,,0,0,,
2011-10-17,0,0,,,0,0,,
2011-10-18,0,0,,,0,0,,
2011-10-19,0,0,,,0,0,,
2011-10-20,0,0,,,58,0.06102643588005563,547ed3a0af21a29f747d76b2,"Get Schooled: Student Debt, No Child Left Behind and More Education News"
2011-10-21,0,0,,,0,0,,
2011-10-22,0,0,,,0,0,,
2011-10-23,0,0,,,0,0,,
2011-10-24,0,0,,,326,0.9823518811918434,547ed39caf21a29f747d76ad,Perry Camp Hits Mitt on Immigration
2011-10-25,0,0,,,16,0.796450522339889,547ed3cdaf21a29f747d76f7,Rick Perry s Flat Tax Curveball
2011-10-26,0,0,,,0,0,,
2011-10-27,0,0,,,0,0,,
2011-10-28,0,0,,,276,0.7877766972490188,547ed3b6af21a29f747d76d4,How Catholic Conservatives Could Quietly Remake the Republican Presidential Race
2011-10-29,0,0,,,0,0,,
2011-10-30,0,0,,,0,0,,
2011-10-31,0,0,,,0,0,,
2011-11-01,0,0,,,0,0,,
2011-11-02,0,0,,,0,0,,
2011-11-03,0,0,,,0,0,,
2011-11-04,0,0,,,7,0.5648808684092955,547ed39baf21a29f747d76ac,Robo-Romney Razes Rick
2011-11-05,0,0,,,0,0,,
2011-11-06,0,0,,,0,0,,
2011-11-07,1,1.982072466498885,547ed360af21a29f747d7673,Opportunity Nation: A Call to Action on Upward Mobility,0,0,,
2011-11-08,31,0.7705042553483716,547ed394af21a29f747d76a2,TRANSCRIPT: Bloomberg Outlines Super Committee Proposals,0,0,,
2011-11-09,0,0,,,0,0,,
2011-11-10,0,0,,,92,1.6624476388308014,547ed397af21a29f747d76a7,"CNBC Transcript of  Your Money, Your Vote  Republican Presidential Debate"
2011-11-11,0,0,,,0,0,,
2011-11-12,0,0,,,0,0,,
2011-11-13,0,0,,,0,0,,
2011-11-14,2,1.0186255517937615,547ed3ccaf21a29f747d76f5,The New Generation Gap,0,0,,
2011-11-15,0,0,,,0,0,,
2011-11-16,0,0,,,0,0,,
2011-11-17,10,1.3214651495671386,547ed3deaf21a29f747d7713,Germany's Shocking Neo-Nazi Killers: How Did They Go Undetected?,0,0,,
2011-11-18,0,0,,,0,0,,
2011-11-19,0,0,,,9,0.06622920827326095,547ed356af21a29f747d7668,TRANSCRIPT: Mayor Rahm Emanuel s Remarks at the Jefferson-Jackson Dinner
2011-11-20,0,0,,,0,0,,
2011-11-21,0,0,,,0,0,,
2011-11-22,0,0,,,0,0,,
2011-11-23,0,0,,,871,1.6817537172477328,547ed3abaf21a29f747d76c2,What You Missed While Not Watching the GOP National-Security Debate
2011-11-24,0,0,,,0,0,,
2011-11-25,0,0,,,0,0,,
2011-11-26,0,0,,,0,0,,
2011-11-27,0,0,,,0,0,,
2011-11-28,0,0.38307465056474266,,,0,0,,
2011-11-29,0,0,,,0,0,,
2011-11-30,0,0,,,0,0,,
2011-12-01,0,0,,,0,0,,
2011-12-02,0,0,,,422,0.5035752111554518,547ed332af21a29f747d7640,Obama s Christmas-Tree-Lighting Immigration Sermon
2011-12-03,0,0,,,0,0,,
2011-12-04,0,0,,,0,0,,
2011-12-05,0,0,,,0,0,,
2011-12-06,0,0,,,17,0.7354701069730069,547ed3aaaf21a29f747d76c1,Romney s Message Not Taking Root in Iowa
2011-12-07,0,0,,,0,0,,
2011-12-08,0,0,,,0,0,,
2011-12-09,0,0,,,0,0,,
2011-12-10,0,0,,,0,0,,
2011-12-11,0,0,,,0,0,,
2011-12-12,4,0.29438737854429853,547ed39daf21a29f747d76b0,Where is the Love?,0,0,,
2011-12-13,0,0,,,0,0,,
2011-12-14,0,0,,,0,0,,
2011-12-15,0,0,,,26,0.7909964535828223,547ed3ccaf21a29f747d76f4,Grading the Sioux City Squawker
2011-12-16,0,0,,,288,0.7455270148137687,547ed3a6af21a29f747d76bd,What You Missed While Not Watching the Final Iowa Debate
2011-12-17,0,0,,,0,0,,
2011-12-18,0,0,,,0,0,,
2011-12-19,0,0,,,0,0,,
2011-12-20,0,0,,,0,0,,
2011-12-21,0,0,,,0,0,,
2011-12-22,0,0,,,21,0.45637944017713206,547ed385af21a29f747d7698,The Page Romney Interview
2011-12-23,0,0,,,0,0,,
2011-12-24,0,0,,,0,0,,
2011-12-25,0,0,,,0,0,,
2011-12-26,0,0.5488094282031506,,,0,0,,
2011-12-27,0,0,,,0,0,,
2011-12-28,0,0,,,0,0,,
2011-12-29,15,1.695215744117342,547ed3b6af21a29f747d76d3,Russia Rising: The Blogger Who Is Putin's Greatest Challenger,0,0,,
2011-12-30,0,0,,,50,0.41246408870469886,547ed387af21a29f747d7699,Why Rick Santorum Is No Social-Conservative Savior
2011-12-31,0,0,,,0,0,,
2012-01-01,0,0,,,0,0,,
2012-01-02,0,0,,,0,0,,
2012-01-03,0,0,,,0,0,,
2012-01-04,0,0,,,0,0,,
2012-01-05,0,0,,,0,0,,
2012-01-06,0,0,,,0,0,,
2012-01-07,0,0,,,0,0,,
2012-01-08,0,0,,,0,0,,
2012-01-09,0,0,,,0,0.15922391029205352,,
2012-01-10,0,0,,,0,0,,
2012-01-11,0,0,,,0,0,,
2012-01-12,0,0,,,0,0,,
2012-01-13,0,0,,,0,0,,
2012-01-14,0,0,,,0,0,,
2012-01-15,0,0,,,0,0,,
2012-01-16,0,0,,,0,0,,
2012-01-17,0,0,,,0,0,,
2012-01-18,6,1.1609868426635896,547ed394af21a29f747d76a4,The Anti-Putin Movement: An Interview with the Blogger in Chief,0,0,,
2012-01-19,0,0,,,77,0.20708018549650348,547ed3dcaf21a29f747d770f,"Obama to Brazil: Send Us Your Affluent, Money-Spending Masses"
2012-01-20,0,0,,,136,1.5362764240199214,547ed3dcaf21a29f747d7710,What You Missed While Not Watching the Last South Carolina GOP Debate
2012-01-21,0,0,,,0,0,,
2012-01-22,0,0,,,0,0,,
2012-01-23,6,0.5862999457942277,547ed3acaf21a29f747d76c4,Can Crusading Blogger Alexei Navalny Save Russia?,99,0.7427262132099788,547ed3cbaf21a29f747d76f3,The Return of the Native: Rick Perry as Damaged Goods in Texas
2012-01-24,357,0.18560972393001918,547ed32faf21a29f747d763c,President Obama s State of the Union Address,0,0,,
2012-01-25,0,1.009782579094111,,,18,1.2601870505699022,547ed3d6af21a29f747d7706,Obama Calls for  Fairness  in His Address to a  Stronger  Union
2012-01-26,0,0,,,0,0,,
2012-01-27,0,0,,,461,0.5717614035366019,547ed3caaf21a29f747d76f1,Thousands of Tacos Delivered to Connecticut Mayor After Controversial Remark
2012-01-28,0,0,,,0,0,,
2012-01-29,0,0,,,0,0,,
2012-01-30,1,0.7358466371549559,547ed3acaf21a29f747d76c5,Can This Man Save Russia?,0,0,,
2012-01-31,0,0,,,0,0,,
2012-02-01,0,0,,,0,0,,
2012-02-02,0,0,,,0,0,,
2012-02-03,0,0,,,0,0,,
2012-02-04,0,0,,,0,0,,
2012-02-05,0,0,,,0,0,,
2012-02-06,0,0,,,0,0,,
2012-02-07,0,0,,,971,0.5971575897371938,547ed3c8af21a29f747d76ee,The New Upper Class and the Real Reason We Dislike Them
2012-02-08,0,0,,,0,0,,
2012-02-09,0,0,,,0,0,,
2012-02-10,0,0,,,0,0,,
2012-02-11,0,0,,,0,0,,
2012-02-12,0,0,,,0,0,,
2012-02-13,0,0,,,0,0,,
2012-02-14,0,0,,,0,0,,
2012-02-15,0,0,,,0,0,,
2012-02-16,0,0,,,0,0,,
2012-02-17,0,0,,,11,0.6947891299472406,547ed3c8af21a29f747d76ef,Gingrich Pitches Arizona Latinos
2012-02-18,0,0,,,0,0,,
2012-02-19,0,0,,,0,0,,
2012-02-20,0,0,,,0,0,,
2012-02-21,0,0,,,0,0,,
2012-02-22,0,0,,,0,0,,
2012-02-23,0,0,,,0,0,,
2012-02-24,0,0,,,0,0,,
2012-02-25,3,1.448863778052294,547ed34faf21a29f747d765c,Los Angeles: The Resurrection of Antonio Villaraigosa,0,0,,
2012-02-26,0,0,,,0,0,,
2012-02-27,0,0,,,0,0,,
2012-02-28,0,0,,,0,0,,
2012-02-29,0,0,,,0,0,,
2012-03-01,0,0,,,0,0,,
2012-03-02,0,0,,,6,0.17710042699561623,547ed39daf21a29f747d76af,"For Burma s Exiled Journalists, the Promise of Reform Brings Peril and Possibility"
2012-03-03,0,0,,,0,0,,
2012-03-04,0,0,,,0,0,,
2012-03-05,85,1.3484290337390474,547ed2eeaf21a29f747d75f0,Why Latino Voters Will Swing the 2012 Election,10,0.4206034398867049,547ed360af21a29f747d7672,Bam Blasts War Words
2012-03-06,0,0,,,0,0,,
2012-03-07,0,0,,,0,0,,
2012-03-08,0,0,,,0,0,,
2012-03-09,0,0,,,0,0,,
2012-03-10,0,0,,,0,0,,
2012-03-11,0,0,,,0,0,,
2012-03-12,1,1.4078922893967913,547ed3c6af21a29f747d76ec,The Hair-Fire Manifesto,0,0,,
2012-03-13,0,0,,,0,0,,
2012-03-14,0,0,,,0,0,,
2012-03-15,0,0,,,435,0.5441165573081458,547ed384af21a29f747d7696,Nike Apologizes for Controversial  Black and Tan  Sneakers
2012-03-16,0,0,,,0,0,,
2012-03-17,0,0,,,0,0,,
2012-03-18,0,0,,,0,0,,
2012-03-19,1,0.5945139692442178,547ed3c6af21a29f747d76eb,How Romney Can Win,0,0,,
2012-03-20,0,0,,,0,0,,
2012-03-21,0,0,,,0,0,,
2012-03-22,0,0,,,0,0,,
2012-03-23,0,0,,,0,0,,
2012-03-24,0,0,,,0,0,,
2012-03-25,0,0,,,0,0,,
2012-03-26,0,0,,,0,0,,
2012-03-27,0,0,,,4020,0.3110833172650584,547ed3c7af21a29f747d76ed,"Blacks, Bias and Marijuana: Did Drug Stigma Contribute to Trayvon Martin s Death?"
2012-03-28,0,0,,,0,0,,
2012-03-29,2,0.34410876851540884,547ed384af21a29f747d7697,Change Agent,0,0,,
2012-03-30,0,0,,,0,0,,
2012-03-31,0,0,,,0,0,,
2012-04-01,0,0,,,0,0,,
2012-04-02,0,0,,,0,0,,
2012-04-03,0,0,,,0,0,,
2012-04-04,0,0,,,0,0,,
2012-04-05,0,0,,,0,0,,
2012-04-06,129,0.4077346155452577,547ed3d5af21a29f747d7704,Why Marco Rubio s Vice-Presidential Stock Is Overvalued,0,0,,
2012-04-07,0,0,,,0,0,,
2012-04-08,0,0,,,0,0,,
2012-04-09,0,0,,,0,0.15892478274015692,,
2012-04-10,0,0,,,0,0,,
2012-04-11,335,0.3356351264814098,547ed3daaf21a29f747d770d,Predicting the Latino Vote in 2012,0,0,,
2012-04-12,0,0,,,0,0,,
2012-04-13,0,0,,,0,0,,
2012-04-14,0,0,,,0,0,,
2012-04-15,0,0,,,0,0,,
2012-04-16,0,0.2849685312248569,,,1,0.5642180473679761,547ed39caf21a29f747d76ae,Beyond the Secret Service Scandal: Why the Americas Summits Matter
2012-04-17,0,0,,,0,0,,
2012-04-18,0,0,,,12,0.517735138503089,547ed3dbaf21a29f747d770e,Mexico Takes Deserved Bows (and Some Boos) at the World Economic Forum in Puerto Vallarta
2012-04-19,0,0,,,0,0,,
2012-04-20,0,0,,,0,0,,
2012-04-21,0,0,,,0,0,,
2012-04-22,0,0,,,0,0,,
2012-04-23,0,0,,,0,0,,
2012-04-24,0,0,,,263,0.26774704172946256,547ed317af21a29f747d7620,Is the Mexican Immigration Boom Over?
2012-04-25,0,0,,,0,0,,
2012-04-26,0,0,,,0,0,,
2012-04-27,0,0,,,0,0,,
2012-04-28,0,0,,,0,0,,
2012-04-29,0,0,,,0,0,,
2012-04-30,0,0,,,0,0,,
2012-05-01,0,0,,,0,0,,
2012-05-02,0,0,,,0,0,,
2012-05-03,0,0,,,0,0,,
2012-05-04,0,0,,,0,0,,
2012-05-05,0,0,,,0,0,,
2012-05-06,0,0,,,0,0,,
2012-05-07,0,0,,,333,0.06531577568502889,547ed2f1af21a29f747d75f4,Why States Shouldn t Control Immigration
2012-05-08,0,0,,,0,0,,
2012-05-09,0,0,,,25,0.3906940379251562,547ed383af21a29f747d7694,Richard Lugar: A Moderate Republican Senator Falls in Indiana
2012-05-10,0,0,,,0,0,,
2012-05-11,0,0,,,0,0,,
2012-05-12,0,0,,,0,0,,
2012-05-13,0,0,,,0,0,,
2012-05-14,48,0.7396997724752321,547ed30daf21a29f747d7614,Can Marco Rubio Win More Latinos Over to the GOP?,0,0,,
2012-05-15,0,0,,,1791,0.14256051991665358,547ed3c4af21a29f747d76e8,It s Not Just Facebook s Co-Founder Who s Trying to Dodge Taxes
2012-05-16,0,0,,,0,0,,
2012-05-17,0,0,,,0,0,,
2012-05-18,0,0,,,0,0,,
2012-05-19,0,0,,,0,0,,
2012-05-20,0,0,,,0,0,,
2012-05-21,0,0,,,0,0.14185649934734285,,
2012-05-22,0,0,,,0,0,,
2012-05-23,0,0,,,0,0,,
2012-05-24,0,0,,,0,0,,
2012-05-25,0,0,,,0,0,,
2012-05-26,0,0,,,0,0,,
2012-05-27,0,0,,,0,0,,
2012-05-28,0,0,,,0,0,,
2012-05-29,14,0.16767601903663398,547ed3b5af21a29f747d76d1,"After Nearly a Quarter-Century of Isolation, Burma s Suu Kyi Begins Her Global Tour",0,0,,
2012-05-30,0,0,,,0,0,,
2012-05-31,0,0,,,0,0,,
2012-06-01,0,0,,,0,0,,
2012-06-02,0,0,,,0,0,,
2012-06-03,0,0,,,0,0,,
2012-06-04,0,0,,,0,0,,
2012-06-05,0,0,,,0,0,,
2012-06-06,0,0,,,0,0,,
2012-06-07,0,0,,,0,0,,
2012-06-08,0,0,,,0,0,,
2012-06-09,0,0,,,0,0,,
2012-06-10,0,0,,,0,0,,
2012-06-11,0,0,,,0,0,,
2012-06-12,0,0,,,0,0,,
2012-06-13,0,0,,,0,0,,
2012-06-14,1454,0.3870419859374108,547ed2efaf21a29f747d75f1,Why Undocumented Workers Are Good for the Economy,0,0,,
2012-06-15,2073,0.21451596654087213,547ed301af21a29f747d7606,No Deportation for Young  Illegals : Obama s End Run on Immigration Reform,2385,0.5175616184875702,547ed3b9af21a29f747d76d7,U.S. Government to Allow Unauthorized Immigrant  Dreamers  to Remain in Country
2012-06-16,0,0,,,0,0,,
2012-06-17,8114,0.6257413479334826,547ed314af21a29f747d761c,Exclusive: A Nation of Laws and a Nation of Immigrants,0,0,,
2012-06-18,55,1.2386305897046295,547ed2f3af21a29f747d75f7,Broken and Obsolete,750,1.5573760225374675,547ed310af21a29f747d7618,How Obama s New Policy Affects Undocumented Youth   and Me
2012-06-19,0,0,,,0,0,,
2012-06-20,0,0,,,0,0,,
2012-06-21,0,0,,,0,0,,
2012-06-22,0,0,,,88,0.3658289632981445,547ed2faaf21a29f747d75fe,Obama and Romney Finally Court Latinos   and Latin America
2012-06-23,0,0,,,0,0,,
2012-06-24,0,0,,,0,0,,
2012-06-25,0,0,,,231,0.48257167341486007,547ed3c4af21a29f747d76e7,One-Note Mitt: Is Romney Too Focused on the Economy?
2012-06-26,0,0,,,516,1.1327030079977454,547ed3b4af21a29f747d76cf,Why the Supreme Court Left Us Hanging on Health Care
2012-06-27,0,0,,,66,0.2150239160806886,547ed393af21a29f747d76a1,Our National Immigration Policy: Still Clear as Mud
2012-06-28,0,0,,,517,2.0553365291477173,547ed31faf21a29f747d7628,Supreme Court Hands Barack Obama a Political Win
2012-06-29,0,0,,,73,0.16379312854533346,547ed3c3af21a29f747d76e6,Health Care Issue May Fade Fast for Romney
2012-06-30,0,0,,,0,0,,
2012-07-01,0,0,,,0,0,,
2012-07-02,0,0.761978251905847,,,0,0,,
2012-07-03,0,0,,,0,0,,
2012-07-04,0,0,,,0,0,,
2012-07-05,0,0,,,0,0,,
2012-07-06,0,0,,,0,0,,
2012-07-07,0,0,,,0,0,,
2012-07-08,0,0,,,41,0.37013659381260655,547ed31eaf21a29f747d7626,Have Some Trust: California to Pass Anti-Arizona Immigration Bill
2012-07-09,0,0,,,983,0.35969808326844005,547ed32aaf21a29f747d7637,Blueseed  Googleplex of the Sea  Highlights Need For Visa Reform
2012-07-10,0,0,,,0,0,,
2012-07-11,0,0,,,0,0,,
2012-07-12,0,0,,,0,0,,
2012-07-13,0,0,,,0,0,,
2012-07-14,0,0,,,0,0,,
2012-07-15,0,0,,,0,0,,
2012-07-16,0,0,,,317,0.1960874991853614,547ed2f4af21a29f747d75f8,"Obama s Next Immigration Battle: Local, Federal Authorities on Collision Course over Detention"
2012-07-17,0,0,,,0,0,,
2012-07-18,0,0,,,0,0,,
2012-07-19,0,0,,,0,0,,
2012-07-20,0,0,,,0,0,,
2012-07-21,0,0,,,0,0,,
2012-07-22,0,0,,,0,0,,
2012-07-23,0,0,,,0,0,,
2012-07-24,0,0,,,0,0,,
2012-07-25,0,0,,,0,0,,
2012-07-26,0,0,,,0,0,,
2012-07-27,0,0,,,0,0,,
2012-07-28,0,0,,,0,0,,
2012-07-29,0,0,,,0,0,,
2012-07-30,0,0,,,0,0,,
2012-07-31,0,0,,,0,0,,
2012-08-01,0,0,,,0,0,,
2012-08-02,0,0,,,0,0,,
2012-08-03,0,0,,,0,0,,
2012-08-04,0,0,,,0,0,,
2012-08-05,0,0,,,0,0,,
2012-08-06,0,0,,,0,0,,
2012-08-07,0,0,,,0,0,,
2012-08-08,0,0,,,453,0.33179326527415887,547ed35faf21a29f747d7671,5 Questions for Michael Bloomberg and Michael Brune
2012-08-09,0,0,,,0,0,,
2012-08-10,0,0,,,0,0,,
2012-08-11,0,0,,,0,0,,
2012-08-12,0,0,,,0,0,,
2012-08-13,1,0.9427247039455491,547ed336af21a29f747d7646,Between the Lines By Mark Halperin,861,0.6700081281011048,547ed382af21a29f747d7693,Central America s Gang Wars: A Truce Leads to an Unusual Peace
2012-08-14,0,0,,,0,0,,
2012-08-15,332,0.48173871693891934,547ed313af21a29f747d761b,Viewpoint: Immigration Reform s New Day,170,0.17503059952647526,547ed381af21a29f747d7692,Americans and Canadians Fight Over Washington Costco
2012-08-16,0,0,,,117,0.8497706561758596,547ed3d9af21a29f747d770c,"Despite an Anti-Sarkozy Agenda, Hollande Imitates His Predecessor on Security"
2012-08-17,0,0,,,0,0,,
2012-08-18,0,0,,,0,0,,
2012-08-19,0,0,,,0,0,,
2012-08-20,0,1.369562211171345,,,0,0,,
2012-08-21,0,0,,,0,0,,
2012-08-22,0,0,,,0,0,,
2012-08-23,0,0,,,0,0,,
2012-08-24,0,0,,,0,0,,
2012-08-25,0,0,,,0,0,,
2012-08-26,0,0,,,0,0,,
2012-08-27,0,0,,,0,0,,
2012-08-28,0,0,,,0,0,,
2012-08-29,0,0,,,465,0.8287804424388656,547ed3c1af21a29f747d76e4,What You Missed While Not Watching the First Night of the Republican Convention
2012-08-30,0,0,,,1375,1.1272918970689147,547ed32caf21a29f747d7639,Interview: Obama on Partisanship and Getting Things Done in Washington
2012-08-31,0,0,,,0,0,,
2012-09-01,0,0,,,0,0,,
2012-09-02,0,0,,,0,0,,
2012-09-03,0,0.4092591711580127,,,0,0,,
2012-09-04,0,0,,,0,0,,
2012-09-05,0,0,,,0,0,,
2012-09-06,0,0,,,56,0.8459620900792171,547ed3b3af21a29f747d76ce,What You Missed While Not Watching the Second Night of the Democratic Convention
2012-09-07,0,0,,,0,0,,
2012-09-08,0,0,,,0,0,,
2012-09-09,0,0,,,0,0,,
2012-09-10,8,1.2879294004530155,547ed380af21a29f747d7690,One for All and All for One,0,0,,
2012-09-11,0,0,,,0,0,,
2012-09-12,0,0,,,0,0,,
2012-09-13,0,0,,,0,0,,
2012-09-14,0,0,,,0,0,,
2012-09-15,0,0,,,0,0,,
2012-09-16,0,0,,,0,0,,
2012-09-17,0,0,,,0,0,,
2012-09-18,0,0,,,0,0,,
2012-09-19,0,0,,,0,0,,
2012-09-20,0,0,,,0,0,,
2012-09-21,0,0,,,4500,0.03548316109908922,547ed2f7af21a29f747d75fa,Bitter Harvest: U.S. Farmers Blame Billion-Dollar Losses on Immigration Laws
2012-09-22,0,0,,,0,0,,
2012-09-23,0,0,,,0,0,,
2012-09-24,0,0,,,0,0,,
2012-09-25,0,0,,,0,0,,
2012-09-26,0,0,,,0,0,,
2012-09-27,0,0,,,0,0,,
2012-09-28,0,0,,,0,0,,
2012-09-29,0,0,,,0,0,,
2012-09-30,0,0,,,121,0.121058387958493,547ed307af21a29f747d760d,From Cesar Chavez to the Denver Debate: Mexican-American Voters Finally Have Their Say
2012-10-01,0,0,,,0,0,,
2012-10-02,0,0,,,0,0,,
2012-10-03,0,0,,,0,0,,
2012-10-04,0,0,,,0,0,,
2012-10-05,0,0,,,0,0,,
2012-10-06,0,0,,,0,0,,
2012-10-07,0,0,,,0,0,,
2012-10-08,0,0,,,0,0,,
2012-10-09,0,0,,,0,0,,
2012-10-10,0,0,,,0,0,,
2012-10-11,0,0,,,361,0.03719140711983426,547ed316af21a29f747d761f,Vivek Wadhwa: Stop the U.S. Highly-Skilled  Immigrant Exodus  Now
2012-10-12,0,0,,,0,0,,
2012-10-13,0,0,,,0,0,,
2012-10-14,0,0,,,141,0.4853909883559951,547ed380af21a29f747d768f,The Abrasive Moderate: The Death of Arlen Specter (1930 2012)
2012-10-15,0,0,,,0,0,,
2012-10-16,0,0,,,1448,0.8261456291528015,547ed35eaf21a29f747d7670,Obama Bounces Back With Strong Showing in Second Debate
2012-10-17,0,0,,,1044,1.770257035474202,547ed399af21a29f747d76a9,What Happened at the Second Presidential Debate
2012-10-18,0,0,,,0,0,,
2012-10-19,0,0,,,0,0,,
2012-10-20,0,0,,,0,0,,
2012-10-21,0,0,,,0,0,,
2012-10-22,0,0,,,0,0,,
2012-10-23,0,0,,,0,0,,
2012-10-24,0,0,,,0,0,,
2012-10-25,0,0,,,0,0,,
2012-10-26,0,0,,,116,0.10913941167380692,547ed37faf21a29f747d768e,Romney s Edge: Moderate Mitt Takes Florida by Storm
2012-10-27,0,0,,,0,0,,
2012-10-28,0,0,,,0,0,,
2012-10-29,0,0,,,0,0,,
2012-10-30,0,0,,,0,0,,
2012-10-31,0,0,,,0,0,,
2012-11-01,0,0,,,0,0,,
2012-11-02,0,0,,,0,0,,
2012-11-03,0,0,,,0,0,,
2012-11-04,0,0,,,0,0,,
2012-11-05,0,0,,,148,0.34548130421473133,547ed3beaf21a29f747d76e0,"Whoever He Is, the President Elect Will Quickly Face an Economic Crisis"
2012-11-06,0,0,,,0,0,,
2012-11-07,0,0,,,0,0,,
2012-11-08,828,0.4400906621321452,547ed30caf21a29f747d7613,Viewpoint: The Power of the Asian and Latino Vote,231,0.43538442555108847,547ed2fdaf21a29f747d7602,Viewpoint: The Election Has Compromised Education Reform
2012-11-09,0,0,,,0,0,,
2012-11-10,0,0,,,0,0,,
2012-11-11,0,0,,,0,0,,
2012-11-12,10,1.3759779893854218,547ed355af21a29f747d7665,Breaking the Deadlock,0,0,,
2012-11-13,0,0,,,0,0,,
2012-11-14,0,0,,,0,0,,
2012-11-15,0,0,,,0,0,,
2012-11-16,0,0,,,0,0,,
2012-11-17,0,0,,,0,0,,
2012-11-18,0,0,,,0,0,,
2012-11-19,0,0,,,0,0,,
2012-11-20,0,0,,,814,0.7862374295492385,547ed334af21a29f747d7643,Is California s Democratic Supermajority an Omen for the Rest of the U.S.?
2012-11-21,40,0.038058301385092363,547ed30aaf21a29f747d7610,Romney and Immigration,0,0,,
2012-11-22,0,0,,,0,0,,
2012-11-23,0,0,,,0,0,,
2012-11-24,0,0,,,0,0,,
2012-11-25,0,0,,,0,0,,
2012-11-26,0,0,,,0,0,,
2012-11-27,0,0,,,469,0.5157982818537364,547ed31aaf21a29f747d7624,Can Obama and Pe a Nieto Clear the Marijuana Smoke?
2012-11-28,0,0,,,1628,0.1942605248706314,547ed355af21a29f747d7666,Can This Party Be Saved?
2012-11-29,0,0,,,0,0,,
2012-11-30,0,0,,,512,0.586937292267564,547ed308af21a29f747d760e,Mexico s Pe a Nieto Talks to TIME:  We Can Move Beyond the Drug War 
2012-12-01,0,0,,,0,0,,
2012-12-02,0,0,,,0,0,,
2012-12-03,0,0,,,0,0,,
2012-12-04,0,0,,,0,0,,
2012-12-05,0,0,,,0,0,,
2012-12-06,0,0,,,0,0,,
2012-12-07,0,0,,,0,0,,
2012-12-08,0,0,,,0,0,,
2012-12-09,0,0,,,0,0,,
2012-12-10,0,0,,,0,0,,
2012-12-11,0,0,,,0,0,,
2012-12-12,0,0,,,0,0,,
2012-12-13,0,0,,,0,0,,
2012-12-14,0,0,,,0,0,,
2012-12-15,0,0,,,0,0,,
2012-12-16,0,0,,,0,0,,
2012-12-17,0,0.593648980671003,,,0,0,,
2012-12-18,0,0,,,0,0,,
2012-12-19,0,0,,,0,0,,
2012-12-20,0,0,,,0,0,,
2012-12-21,0,0,,,0,0,,
2012-12-22,0,0,,,0,0,,
2012-12-23,0,0,,,0,0,,
2012-12-24,0,0,,,0,0,,
2012-12-25,0,0,,,0,0,,
2012-12-26,0,0,,,0,0,,
2012-12-27,0,0,,,0,0,,
2012-12-28,0,0,,,0,0,,
2012-12-29,0,0,,,0,0,,
2012-12-30,0,0,,,0,0,,
2012-12-31,0,0,,,0,0,,
2013-01-01,0,0,,,0,0,,
2013-01-02,0,0,,,0,0,,
2013-01-03,138,0.039469220780393055,547ed37eaf21a29f747d768d,The Next Cliff: Another Round of Debt Brinkmanship Looms,0,0,,
2013-01-04,0,0,,,0,0,,
2013-01-05,0,0,,,0,0,,
2013-01-06,0,0,,,0,0,,
2013-01-07,0,0,,,0,0,,
2013-01-08,0,0,,,0,0,,
2013-01-09,0,0,,,1164,0.529365101748279,547ed3bdaf21a29f747d76df,"Richard Blanco, Symbol of Diversity, Selected As Obama s Inaugural Poet"
2013-01-10,0,0,,,63,0.4336860090299264,547ed33caf21a29f747d764a,"Obama and the Liberals, Part Two: Progressives Should Focus on Progress"
2013-01-11,0,0,,,0,0,,
2013-01-12,0,0,,,0,0,,
2013-01-13,0,0,,,0,0,,
2013-01-14,1,1.3004565857729973,547ed3d9af21a29f747d770b,Cliff Dweller,145,0.33727971042210436,547ed353af21a29f747d7662,"Goodbye John Kerry, Hello Bob Menendez"
2013-01-15,2,0.026258498359793436,547ed30daf21a29f747d7615,Policy vs. Politics at Obama s Press Conference,0,0,,
2013-01-16,0,0,,,0,0,,
2013-01-17,0,0,,,0,0,,
2013-01-18,1087,0.3429695096559169,547ed3d9af21a29f747d770a,"Richard Blanco, Obama s Inaugural Poet: Not Your Father s Cuban Exile",0,0,,
2013-01-19,0,0,,,0,0,,
2013-01-20,0,0,,,0,0,,
2013-01-21,802,2.3591155003676247,547ed3deaf21a29f747d7712,Second Inaugural Address of Barack Hussein Obama (Transcript),289,0.02892916742216256,547ed3a5af21a29f747d76bb,Man of His Word: Obama Likely to Deliver on His Inaugural Promises (Again)
2013-01-22,0,0,,,424,0.6539720611481743,547ed37daf21a29f747d768c,What You Missed While Not Watching Yesterday s Presidential Inauguration
2013-01-23,0,0,,,16,0.5995285687566607,547ed3b2af21a29f747d76cd,Sequencing
2013-01-24,0,0,,,0,0,,
2013-01-25,0,0,,,0,0,,
2013-01-26,0,0,,,0,0,,
2013-01-27,0,0,,,0,0,,
2013-01-28,0,0,,,0,0,,
2013-01-29,79,0.17953724458930176,547ed2e7af21a29f747d75e9,Will Immigration Reform Work This Time?,0,0,,
2013-01-30,1746,0.12323676514505122,547ed2ecaf21a29f747d75ed,"The Economics of Immigration: Who Wins, Who Loses and Why",169,0.6419262191115085,547ed2e7af21a29f747d75e8,Rush Limbaugh and Barack Obama (In That Order) Weigh In On Immigration
2013-01-31,3,0.19166495930157534,547ed35daf21a29f747d766f,Morning Must Reads: We re Back!,1194,0.8506218957351399,547ed379af21a29f747d7688,Why the White House Loves Your Death Star Petition
2013-02-01,0,0,,,0,0,,
2013-02-02,0,0,,,0,0,,
2013-02-03,0,0,,,0,0,,
2013-02-04,11,1.2171455289525515,547ed352af21a29f747d7661,The Ice Is Breaking,0,0,,
2013-02-05,0,0,,,0,0,,
2013-02-06,0,0,,,0,0,,
2013-02-07,0,0,,,6049,1.2737390293377953,547ed329af21a29f747d7635,Immigrant Son
2013-02-08,0,0,,,0,0,,
2013-02-09,0,0,,,0,0,,
2013-02-10,0,0,,,0,0,,
2013-02-11,34,1.295404951045009,547ed311af21a29f747d7619,Marco Rubio: The Rest of the Story,0,0.051695626472240575,,
2013-02-12,3852,0.8512135950113038,547ed2f2af21a29f747d75f5,President Obama s 2013 State of the Union Speech (Transcript),961,1.1881266761486513,547ed3bcaf21a29f747d76dc,Sen. Marco Rubio s Response to Obama s State of the Union Address (Transcript)
2013-02-13,35,0.4067676689861459,547ed377af21a29f747d7686,Obama Calls on His Supporters to Rally After Tuesday s Speech,614,0.47867837285051085,547ed39faf21a29f747d76b1,"Stop Campaigning, Mr. President"
2013-02-14,0,0,,,3432,0.8570119491568713,547ed3acaf21a29f747d76c3,Up in Smoke: Why the GOP s Views on Pot are Showing Signs of a Shift
2013-02-15,0,0,,,0,0,,
2013-02-16,0,0,,,0,0,,
2013-02-17,0,0,,,0,0,,
2013-02-18,11,2.1962067481863734,547ed305af21a29f747d760b,Will He Fight or Compromise?,0,0,,
2013-02-19,0,0,,,134,0.7017974163355853,547ed2e6af21a29f747d75e7,"If Immigration Reform Stalls, Federal Courts Could Have a Say"
2013-02-20,0,0,,,20,0.31930499179374777,547ed2e9af21a29f747d75eb,"Yes, Rubio and Obama Mostly Agree on Immigration. No, That Doesn t Mean Reform Is Inevitable."
2013-02-21,0,0,,,1,0.5370907004870973,547ed378af21a29f747d7687,Morning Must Reads: February 21
2013-02-22,0,0,,,0,0,,
2013-02-23,0,0,,,0,0,,
2013-02-24,0,0,,,0,0,,
2013-02-25,0,0,,,0,0,,
2013-02-26,0,0,,,2,0.5387961853834289,547ed348af21a29f747d7654,Morning Must Reads: February 26
2013-02-27,0,0,,,0,0,,
2013-02-28,0,0,,,0,0,,
2013-03-01,0,0,,,0,0,,
2013-03-02,0,0,,,0,0,,
2013-03-03,0,0,,,0,0,,
2013-03-04,0,0,,,0,0,,
2013-03-05,11,0.03460871351474004,547ed321af21a29f747d762c,Parsing Jeb II,8,0.8312434972496863,547ed31eaf21a29f747d7627,Parsing Jeb
2013-03-06,255,0.7366004315465564,547ed325af21a29f747d7630,The Plight of the  Illegal  Nanny,1,0.5434768817416107,547ed3d8af21a29f747d7709,Morning Must Reads: March 6
2013-03-07,34,0.0033666875017454023,547ed320af21a29f747d762a,A Time to Think Big,7,0.07257794375233406,547ed352af21a29f747d7660,"Obama s Aides Bar Corporate Donations, But Other Routes Remain"
2013-03-08,0,0,,,0,0,,
2013-03-09,0,0,,,0,0,,
2013-03-10,0,0,,,0,0,,
2013-03-11,4,2.0127841260245827,547ed3a2af21a29f747d76b5,"Party, Heal Thyself",0,0,,
2013-03-12,0,0,,,0,0,,
2013-03-13,0,0,,,73,0.6810015599936386,547ed328af21a29f747d7634,Dinner Theater: Obama s Hill Outreach and the Limits of Presidential Power
2013-03-14,0,0,,,0,0,,
2013-03-15,0,0,,,0,0,,
2013-03-16,0,0,,,0,0,,
2013-03-17,0,0,,,0,0,,
2013-03-18,275,2.3232647449845003,547ed319af21a29f747d7623,"Committee to Save the GOP: Pass Comprehensive Immigration Reform, Become Inclusive to Gays or Keep Losing",22,0.6230897756890966,547ed33aaf21a29f747d7649,Consultants in Conservative Crosshairs As GOP Brass Calls For Reforms
2013-03-19,0,0,,,80,0.6887793197406091,547ed2e4af21a29f747d75e5,Rand Paul Embraces Immigration Reform
2013-03-20,0,0,,,200,0.6489297529354613,547ed2e5af21a29f747d75e6,Four Hurdles That Could Block Immigration Reform
2013-03-21,0,0,,,4,0.4468026682499369,547ed375af21a29f747d7683,Morning Must Reads: March 21
2013-03-22,0,0,,,0,0,,
2013-03-23,0,0,,,0,0,,
2013-03-24,0,0,,,0,0,,
2013-03-25,0,0,,,3,0.45054204430357686,547ed331af21a29f747d763e,Morning Must Reads: March 25
2013-03-26,0,0,,,231,0.8917173831953633,547ed373af21a29f747d7682,The Gentlemen from Kentucky: Inside the Partnership of Rand Paul and Mitch McConnell
2013-03-27,0,0,,,0,0,,
2013-03-28,0,0,,,0,0,,
2013-03-29,0,0,,,5,0.49374106239671495,547ed3b2af21a29f747d76cc,Morning Must Reads: March 29
2013-03-30,0,0,,,0,0,,
2013-03-31,0,0,,,0,0,,
2013-04-01,3,1.2332087781635823,547ed36daf21a29f747d767c,Growing Pains,121,0.6526220425582592,547ed351af21a29f747d765f,Democrats Now Serve Two Masters: DNC and Organizing for Action
2013-04-02,0,0,,,4,0.09603551728940496,547ed350af21a29f747d765e,Morning Must Reads: April 2
2013-04-03,145,0.13101589721982632,547ed36faf21a29f747d767e,Viewpoint: Only Empathy Can Transform the GOP,1113,0.22061145539425986,547ed309af21a29f747d760f,AP Bans  Illegal Immigrant : The Tricky Language of Immigration Reform
2013-04-04,2892,0.003973094737385718,547ed33eaf21a29f747d764d,Whatever Happened to the  Common Good ?,0,0,,
2013-04-05,0,0,,,0,0,,
2013-04-06,0,0,,,0,0,,
2013-04-07,0,0,,,0,0,,
2013-04-08,578,1.387447993163712,547ed370af21a29f747d767f,PJL: April 2013 (Part 1),280,0.49062466704788027,547ed2dcaf21a29f747d75e0,Immigration Reform: The Coming Fight Over The Low-Skilled Worker Visa
2013-04-09,100,0.2793265643041668,547ed372af21a29f747d7680,Senate Sets Thursday Showdown on Gun Legislation,483,0.044619040769068086,547ed2e1af21a29f747d75e3,Rubio and Immigration Reform: Will He Stick or Scoot?
2013-04-10,0,0,,,0,0,,
2013-04-11,0,0,,,51,1.0477364686538908,547ed331af21a29f747d763f,GOP Rank And File Fight Back Against Party Elite In Hollywood
2013-04-12,0,0,,,1957,0.21591936964881425,547ed2eeaf21a29f747d75ef,Why Mark Zuckerberg Is Pushing for Immigration Reform
2013-04-13,0,0,,,0,0,,
2013-04-14,0,0,,,0,0,,
2013-04-15,11,0.7716439029236768,547ed329af21a29f747d7636,Evang licos!,139,0.6506021315779809,547ed31daf21a29f747d7625,GOP Fights to Rebrand the Party of No
2013-04-16,0,0,,,0,0,,
2013-04-17,0,0,,,4,0.4670245932955453,547ed34baf21a29f747d7657,Morning Must Reads: April 17
2013-04-18,0,0,,,3,0.41677576748869194,547ed318af21a29f747d7621,Morning Must Reads: April 18
2013-04-19,0,0,,,176,0.3342217324791656,547ed2e0af21a29f747d75e2,Immigration Reform s First Big Test: The Boston Bombing
2013-04-20,0,0,,,0,0,,
2013-04-21,0,0,,,0,0,,
2013-04-22,0,0.6282049179989717,,,13890,1.0367131071397684,547ed2e2af21a29f747d75e4,Rand Paul Calls for Immigration Bill to be Slowed After Boston
2013-04-23,139,0.11528172641044687,547ed372af21a29f747d7681,Cornell NYC Tech: Here s Why a Qualcomm Billionaire Gave $133 Million,0,0,,
2013-04-24,153,0.05176351494578291,547ed318af21a29f747d7622,Boston Bombing Analysis: When Immigrants Don t  Americanize ,0,0,,
2013-04-25,0,0,,,736,0.39624402032835176,547ed34caf21a29f747d7658,Barack Obama s Remarks at the George W. Bush Library Dedication (Transcript)
2013-04-26,0,0,,,0,0,,
2013-04-27,0,0,,,0,0,,
2013-04-28,0,0,,,0,0,,
2013-04-29,0,0,,,3,0.5467697189751443,547ed33faf21a29f747d764e,Morning Must Reads: April 29
2013-04-30,657,0.7229944008170222,547ed339af21a29f747d7648,Obama s Mexico Visit: Not Just About the Drug War Anymore,163,0.7483187620711645,547ed315af21a29f747d761e,Five Questions in Congress About the Boston Bombings
2013-05-01,0,0,,,6,0.6218247538891848,547ed362af21a29f747d7675,Morning Must Reads: May 1
2013-05-02,0,0,,,0,0,,
2013-05-03,0,0,,,29,1.0659256356597577,547ed335af21a29f747d7644,Chuck Schumer: The Legislative Hurricane
2013-05-04,0,0,,,0,0,,
2013-05-05,0,0,,,0,0,,
2013-05-06,0,0,,,2792,0.6011077134263553,547ed3a8af21a29f747d76bf,"In New Job, Italy s First Black Minister Confronts Culture of Casual Racism"
2013-05-07,0,0,,,1833,0.3382924667933861,547ed3d3af21a29f747d7703,The Queen s Era Is Drawing to an End as Prince Charles Assumes New Royal Duties
2013-05-08,0,0,,,85,1.6693922794595677,547ed36baf21a29f747d767b,Campaign Insider Book Argues Mitt Romney Lost Because Of Benghazi
2013-05-09,0,0,,,355,0.48525187859020885,547ed337af21a29f747d7647,The Politics Of The Millennial Generation
2013-05-10,0,0,,,720,1.0857837104236219,547ed3bbaf21a29f747d76db,"Obama, Perry And The True Source Of The Texas Jobs Miracle"
2013-05-11,0,0,,,0,0,,
2013-05-12,0,0,,,0,0,,
2013-05-13,0,0,,,39,0.8878300913392234,547ed33caf21a29f747d764b,"Fighting Men, Then and Now: Part 3"
2013-05-14,0,0,,,0,0,,
2013-05-15,75,0.33318687795468616,547ed32daf21a29f747d763a,Holder On The Hot Seat,0,0,,
2013-05-16,0,0,,,34,0.5776960518350003,547ed34aaf21a29f747d7656,"Groundhog Day in the House: A Gift to Republican Freshmen, and Possibly Democrats Too"
2013-05-17,0,0,,,0,0,,
2013-05-18,0,0,,,0,0,,
2013-05-19,0,0,,,0,0,,
2013-05-20,0,0.6150055946726181,,,174,0.14637476757486195,547ed367af21a29f747d7677,Pro-Obama Group Launches Attack On Republican  Climate Deniers 
2013-05-21,0,0,,,0,0,,
2013-05-22,0,0,,,0,0,,
2013-05-23,0,0,,,0,0,,
2013-05-24,0,0,,,0,0,,
2013-05-25,0,0,,,0,0,,
2013-05-26,0,0,,,0,0,,
2013-05-27,0,0.9575480169085335,,,0,0,,
2013-05-28,0,0,,,0,0,,
2013-05-29,0,0,,,0,0,,
2013-05-30,0,0,,,373,0.094586980153186,547ed2f9af21a29f747d75fc,Undocumented in Moore: Why Evangelicals Want Immigration Reform